Collectionair,www.collectionair.com
Instabug,http://facebook.com/instabug,http://twitter.com/instabug,http://instabug.com,https://angel.co/instabug
Integreight,http://www.facebook.com/integreight,http://twitter.com/integreight,http://www.integreight.com,http://www.angel.co/integreight
Jumpsuite,http://www.jumpsuite.net/
Nafham,http://www.facebook.com/NafhamEducation,http://twitter.com/NafhamEducation,http://www.nafham.com,https://angel.co/nafham
PushBots,https://www.facebook.com/PushBots,http://twitter.com/pushbots,https://pushbots.com/
Sawerly,https://www.facebook.com/sawerly,http://twitter.com/sawerly,http://sawerly.com
Simplex,https://www.facebook.com/SimplexCnc,http://twitter.com/simplexcnc,http://www.simplexarabia.com
Taskty,https://www.facebook.com/TasktyME,http://twitter.com/tasktyme,http://www.taskty.com/
Vanoman,http://twitter.com/https://twitter.com/vanomanco,http://vanoman.com
Wade7,https://www.facebook.com/wade7Education,http://www.wade7.com
Washmen,https://www.facebook.com/getwashmen,http://twitter.com/GetWASHMEN,http://www.getwashmen.com/
Asknative,https://www.facebook.com/asknative,http://twitter.com/asknative,http://www.asknative.com/,https://angel.co/asknative-2
Aya Games,www.ayagames.co
BoonMarks,http://boonmarks.com/
Careerise,https://www.facebook.com/careerise,http://twitter.com/careerise,http://www.careerise.me/
Castpace,https://www.facebook.com/Castpace,http://twitter.com/castpace,http://www.castpace.com
cirqy,http://facebook.com/cirqy,http://twitter.com/cirqy,http://www.linkedin.com/company/cirqy,http://www.cirqy.com,http://angel.co/cirqy
CloudPress,https://www.facebook.com/cloudpress.io,http://twitter.com/cloudpressinc,http://www.linkedin.com/company/2989935,http://www.cloudpress.io,https://angel.co/cloudpress
Codly,http://www.facebook.com/codlyapp,http://twitter.com/codlyapp,http://www.codly.io
Coterique,https://www.facebook.com/pages/Coterique/387226174709700,http://twitter.com/coterique,http://www.coterique.com/
Crowdsway,https://www.facebook.com/CrowdswayEgypt,http://twitter.com/crowdsway,http://www.crowdsway.com/
Dashroad,www.dashroad.com
Dedicated Developed Company,www.dedicatedev.com
Deleor,www.Deleor.com
Edume,
Ejadah Soft,http://www.ejadahsoft.com
Ekshef,http://www.facebook.com/ekshef,http://twitter.com/Ekshef,http://www.ekshef.com,https://angel.co/ekshef-1
ElWafeyat,http://www.facebook.com/elwafeyat,http://twitter.com/ElWafeyat,http://www.elwafeyat.com/
ennota.com,http://www.ennota.com
Eshtery,https://www.facebook.com/Eshtery,http://twitter.com/Eshtery,http://www.eshtery.me,https://angel.co/eshtery
Estickery,
F16Apps,https://www.facebook.com/F16Apps,http://twitter.com/f16apps,http://www.f16apps.com/,https://angel.co/f16apps
Farm Tech,www.farmtechno.com
Farminal,
FeedSpeed,www.feedspeed.co
Flip Technologies,http://www.rideblock.com/
Games Bond,https://www.facebook.com/GamesBondEG,http://twitter.com/GamesBondStudio,http://www.gamesbondstudio.com
GitHelp,https://githelp.io/
Go Ejaza,https://www.facebook.com/GoEjaza,http://twitter.com/GoEjaza,http://www.linkedin.com/company/go-ejaza,http://www.GoEjaza.com,https://angel.co/go-ejaza
Gorfah,www.gorfah.com
Gyrolabs,https://www.facebook.com/GyroLabs,http://twitter.com/gyrolabs,http://www.gyrolabs.tv/
Hub43,http://twitter.com/hub43Games,http://www.hub43.com/
iRehab,http://twitter.com/https://twitter.com/iRehab_iRehab,irehab.co
IRTH,irth.com.sa
Jybly,Jybly.com
Kafoo,anakafoo.com
Kanoosh,https://www.facebook.com/pages/Kanoosh/291786294440,http://twitter.com/KanooshCo,http://www.kanoosh.com
Kh&#x64F;Obz,http://www.facebook.com/KhObzMisry,http://twitter.com/KhObz_Misry,http://www.khobz-co.com
Kikab&#xF2; Labs,http://www.kikabo.com/
Koretna,https://www.facebook.com/koretna1,http://twitter.com/Koretna,Koretna.com
LocName,http://www.facebook/locname,http://twitter.com/loc_name,http://www.locname.com
Maharah,http://twitter.com/https://twitter.com/imaharah,maharah.co
Mapture,https://www.facebook.com/Mapture,http://twitter.com/maptureapp
Metaphorio,http://www.metaphorio.com
Mother and Child guide,https://www.facebook.com/motherchildguide,http://twitter.com/m_c_guide,http://www.motherchildguide.com
Mshena,Mshena.com
Nujeed,www.nujeed.com
Ogra,http://www.facebook.com/OgraSoftware,http://twitter.com/OgraTaxi,http://ograsoftware.com,https://angel.co/ogra-software
OHANA,http://www.ohana-sa.com
Pensqr,https://www.facebook.com/Pngine,http://twitter.com/Pngine,http://www.pngine.com/,https://angel.co/pngine
PieRide,http://facebook.com/thepieride,http://twitter.com/thePieRide,http://www.pieride.com
Rawy,http://www.facebook.com/rawy.me,http://twitter.com/rawyme,http://www.rawy.me
Reform Studio,http://www.facebook.com/Reformstudio.cairo,http://twitter.com/StudioReform
Sakkini,http://www.sakkini.com/
Selsal,https://www.facebook.com/selsalwedding?fref=ts,http://twitter.com/https://twitter.com/Selsalwedding,http://www.selsal.co
Smartable,www.smartable.me
Snapze,http://www.facebook.com/snapze,http://twitter.com/snapzeapp,http://www.snapze.com
SolverMine,https://www.facebook.com/SolverMine,http://twitter.com/SolverMine,http://www.solvermine.com
Sondooq,
StudentCart,Studentcart.co
SUNERGY,https://www.facebook.com/Sunergytech,http://www.sunergytech.net
Susurrus,http://susurrus.io
Tabshora,https://www.facebook.com/tabshora,http://twitter.com/tabshora,http://www.tabshora.com,https://angel.co/tabshora-s-a-e
Tagaddod,https://www.facebook.com/Tagaddod,http://twitter.com/tagaddod,www.tagaddod.com
Tamreeni,https://facebook.com/tamreeni,http://twitter.com/Tamreeni,http://www.tamreeni.com/
Taxi Food,www.Taxifood.co
TeamReem,https://www.facebook.com/teamreem6,http://twitter.com/https://twitter.com/team___Reem,http://team-reem.com/
Telecosys,
Unnyhog,http://unnyhog.com/
Warsha Plus,http://twitter.com/https://twitter.com/warshaplus,www.warshaplus.com
XoneBee,http://www.facebook.com/xonebee,http://twitter.com/http://twitter.com/XoneBee,http://www.xonebee.com
Yadaweya,http://www.facebook.com/pages/Yadaweya/305013376255382?ref=ts&fref=ts,http://twitter.com/Yadaweya,http://www.yadaweya.com
Yadget,http://twitter.com/yadget,http://www.yadget.com/
Zaagel,http://www.facebook.com/pages/Zaagel/479327762137577,http://twitter.com/zaagelapp,http://www.zaagel.com
Buildink,http://www.buildink.com
Card Switch,http://www.card-switch.com
Entej,http://www.entej.com
iCart,
iSagha,https://www.facebook.com/isaghah/,http://twitter.com/https://twitter.com/iSaghah,https://market.isagha.com/
Moneyfellows,http://www.moneyfellows.com
Offways,https://www.facebook.com/Offways,http://twitter.com/https://twitter.com/offways,http://www.offways.com/
Olly,http://www.getolly.com
Polisher,www.polisher.co
Save.it,http://www.getsaveit.com
Solarist,https://www.facebook.com/pages/Solarist/159533490878107
Yalla Nsadar,http://www.yallansadar.com
7aweshly,https://www.facebook.com/7aweshly/,https://www.7aweshly.com/
Argineering,https://www.facebook.com/argineering,https://www.argineering.net
Arza2,https://www.facebook.com/heya.arza2/?fref=hovercard,http://www.arza2.com/
Bees365,http://www.bees365.com
Carsurance,http://www.carsurance.me
Chefaa,https://www.facebook.com/GetChefaa/,http://twitter.com/https://twitter.com/GetChefaa/,https://chefaa.com/
Chqmate,https://www.chqmateapp.com
Conative Labs,https://www.facebook.com/Nilebot/,http://twitter.com/https://twitter.com/conativelabs,https://www.nilebot.com
Dabchy,https://www.facebook.com/dabchycom,http://twitter.com/https://twitter.com/dabchy_com,https://www.dabchy.com/
Echo,www.echo.aero
Finconnect,http://www.finconnect.io
Flickset,
GST,www.gst-tunisie.com
Harmonica,https://www.facebook.com/Harmonica.Egypt/,https://www.harmonica.life/
Katana,
Let&#x2019;sGrant,http://www.letsgrant.com
Lululittle,http://www.lululittle.me
Marj3,https://www.facebook.com/marj3com,http://twitter.com/https://twitter.com/marj3com,https://WWW.MARJ3.COM
Massyaf,https://www.facebook.com/massyafcom/,http://twitter.com/https://twitter.com/massyafdotcom?lang=en,https://www.massyaf.com
Med Misr,http://www.medmisr.com/
Mosawer,https://www.facebook.com/mosawer.net/,https://www.mosawer.net/
Naviacom,https://www.facebook.com/Naviacom/,http://twitter.com/https://twitter.com/naviacom?lang=ar,www.naviacom.com
Ouda w Dar,http://www.oudawdar.com
Personafier,http://www.personafier.com
Recommendator,https://www.facebook.com/therecommendator/,http://www.therecommendator.com/
Schedex,http://www.schedex.me
SpicaTech,http://www.spicatechacademy.com
Tombeely,https://www.facebook.com/TombeelyEgypt/,https://tombeely.com/
Transpooler,https://www.facebook.com/transpoolerapp,http://twitter.com/https://twitter.com/Transpoolerapp,http://www.transpooler.com/
Vynd,https://www.facebook.com/vyndinc/,http://twitter.com/https://twitter.com/vyndinc,www.vynd.com
Wasel,https://www.facebook.com/waselegypt/,http://www.waselegypt.com/
Wattnow,https://www.facebook.com/wattnowio/,www.wattnow.io
Weelo,https://www.facebook.com/WeeloEG/,http://twitter.com/https://twitter.com/WeeloLLC?lang=en,http://www.weelo.com.eg/